Beach Name,Latitude,Longitude,Borough,Public_Private
SCHUYLER HILL CIVIC ASSOCIATION,40.8174,-73.8123,Bronx,private
SEAGATE 38TH,40.575,-74.008,Brooklyn,private
WEST FORDHAM STREET ASSOCIATION,40.8475,-73.7845,Bronx,private
DOUGLASTON HOMEOWNERS ASSOCIATION,40.7675,-73.7485,Queens,private
ORCHARD BEACH,40.8654,-73.7925,Bronx,public
WHITESTONE BOOSTER CIVIC ASSOCIATION,40.7999,-73.8188,Queens,private
DANISH AMERICAN BEACH CLUB,40.8298,-73.814,Bronx,private
MORRIS YACHT AND BEACH CLUB,40.8358,-73.7821,Bronx,private
CONEY ISLAND WEST 16TH - WEST 27TH,40.5715,-73.9875,Brooklyn,public
SOUTH BEACH,40.5925,-74.055,Staten Island,public
CONEY ISLAND BR. 15TH - 6TH,40.5745,-73.9575,Brooklyn,public
MIDLAND BEACH,40.5695,-74.085,Staten Island,public
MANHATTAN BEACH,40.5765,-73.942,Brooklyn,public
CONEY ISLAND BR. 6TH - OCEAN PKWY,40.574,-73.968,Brooklyn,public
CONEY ISLAND OCEAN PKWY - WEST 8TH,40.5732,-73.974,Brooklyn,public
CONEY ISLAND WEST 8TH - PIER,40.5725,-73.979,Brooklyn,public
CONEY ISLAND WEST 28TH - WEST 37TH,40.5705,-73.998,Brooklyn,public
ROCKAWAY BEACH 126TH - 149TH,40.571,-73.85,Queens,public
ROCKAWAY BEACH 116TH - 126TH,40.5775,-73.8375,Queens,public
ROCKAWAY BEACH 95TH - 116TH,40.584,-73.819,Queens,public
ROCKAWAY BEACH 15TH - 22ND,40.5932,-73.751,Queens,public
BREEZY POINT - REID AVE.,40.555,-73.918,Queens,private
ROCKAWAY BEACH 9TH - 13TH,40.5945,-73.743,Queens,public
ROCKAWAY BEACH 59TH - 80TH,40.5895,-73.791,Queens,public
ROCKAWAY BEACH 80TH - 95TH,40.587,-73.809,Queens,public
BREEZY PT 219TH ST,40.5525,-73.9285,Queens,private
ROCKAWAY BEACH 23RD - 59TH,40.5915,-73.771,Queens,public
WHITE CROSS FISHING CLUB,40.8252,-73.8155,Bronx,private
TRINITY DANISH YOUNG PEOPLES SOCIETY,40.827,-73.8145,Bronx,private
AMERICAN TURNERS,40.8275,-73.8142,Bronx,private
MANHEM BEACH CLUB,40.829,-73.8141,Bronx,private
WOLFES POND BEACH,40.5185,-74.1915,Staten Island,public
KINGSBOROUGH COMMUNITY COLLEGE,40.577,-73.9335,Brooklyn,private
SEAGATE 42ND,40.5745,-74.0135,Brooklyn,private
GERRITSEN/KIDDIE BEACH,40.5985,-73.921,Brooklyn,private
CEDAR GROVE,40.5515,-74.103,Staten Island,public
